{
	"credit": "Made with Blockbench",
	"textures": {
		"0": "block/white_concrete",
		"1": "block/quartz_block_top",
		"2": "block/dark_oak_planks",
		"3": "block/black_concrete",
		"4": "block/red_concrete",
		"5": "block/blue_concrete",
		"6": "block/anvil_top",
		"8": "block/gray_wool",
		"9": "block/black_wool",
		"particle": "block/white_concrete"
	},
	"elements": [
		{
			"from": [-16, 0, 14],
			"to": [32, 1, 16],
			"faces": {
				"north": {"uv": [0, 0, 16, 16], "texture": "#2"},
				"east": {"uv": [0, 0, 16, 16], "texture": "#2"},
				"south": {"uv": [0, 0, 16, 16], "texture": "#2"},
				"west": {"uv": [0, 0, 16, 16], "texture": "#2"},
				"up": {"uv": [0, 0, 16, 16], "texture": "#2"},
				"down": {"uv": [0, 0, 16, 16], "texture": "#2"}
			}
		},
		{
			"from": [-16, 1, 15.5],
			"to": [32, 31, 16],
			"faces": {
				"north": {"uv": [0, 0, 16, 16], "texture": "#1"},
				"east": {"uv": [0, 0, 16, 16], "texture": "#2"},
				"south": {"uv": [0, 0, 16, 16], "texture": "#2"},
				"west": {"uv": [0, 0, 0.75, 16], "texture": "#2"},
				"up": {"uv": [0, 0, 16, 16], "texture": "#2"},
				"down": {"uv": [0, 0, 16, 16], "texture": "#2"}
			}
		},
		{
			"from": [-16, 1, 14],
			"to": [32, 1.5, 14.5],
			"faces": {
				"north": {"uv": [0, 0, 16, 16], "texture": "#2"},
				"east": {"uv": [0, 0, 16, 16], "texture": "#2"},
				"south": {"uv": [0, 0, 16, 16], "texture": "#2"},
				"west": {"uv": [0, 0, 16, 16], "texture": "#2"},
				"up": {"uv": [0, 0, 16, 16], "texture": "#2"},
				"down": {"uv": [0, 0, 16, 16], "texture": "#2"}
			}
		},
		{
			"from": [-16, 1, 14.5],
			"to": [-14, 31, 15.5],
			"faces": {
				"north": {"uv": [0, 0, 16, 16], "texture": "#2"},
				"east": {"uv": [0, 0, 16, 16], "texture": "#2"},
				"south": {"uv": [0, 0, 16, 16], "texture": "#2"},
				"west": {"uv": [0, 0, 16, 16], "texture": "#2"},
				"up": {"uv": [0, 0, 16, 16], "texture": "#2"},
				"down": {"uv": [0, 0, 16, 16], "texture": "#2"}
			}
		},
		{
			"from": [30, 1, 14.5],
			"to": [32, 31, 15.5],
			"faces": {
				"north": {"uv": [0, 0, 16, 16], "texture": "#2"},
				"east": {"uv": [0, 0, 16, 16], "texture": "#2"},
				"south": {"uv": [0, 0, 16, 16], "texture": "#2"},
				"west": {"uv": [0, 0, 16, 16], "texture": "#2"},
				"up": {"uv": [0, 0, 16, 16], "texture": "#2"},
				"down": {"uv": [0, 0, 16, 16], "texture": "#2"}
			}
		},
		{
			"from": [-16, 31, 14],
			"to": [32, 32, 16],
			"faces": {
				"north": {"uv": [0, 0, 16, 16], "texture": "#2"},
				"east": {"uv": [0, 0, 16, 16], "texture": "#2"},
				"south": {"uv": [0, 0, 16, 16], "texture": "#2"},
				"west": {"uv": [0, 0, 16, 16], "texture": "#2"},
				"up": {"uv": [0, 0, 16, 16], "texture": "#2"},
				"down": {"uv": [0, 0, 16, 16], "texture": "#2"}
			}
		},
		{
			"from": [9, 1, 15],
			"to": [11, 1.5, 15.5],
			"faces": {
				"north": {"uv": [0, 0, 2, 0.5], "texture": "#0"},
				"east": {"uv": [0, 0, 2, 0.5], "texture": "#0"},
				"south": {"uv": [0, 0, 2, 0.5], "texture": "#0"},
				"west": {"uv": [0, 0, 2, 0.5], "texture": "#0"},
				"up": {"uv": [0, 0, 2, 0.5], "texture": "#0"},
				"down": {"uv": [0, 0, 2, 0.5], "texture": "#0"}
			}
		},
		{
			"from": [8.45, 1, 15],
			"to": [8.95, 1.5, 15.5],
			"faces": {
				"north": {"uv": [0, 0, 0.5, 0.5], "texture": "#4"},
				"east": {"uv": [0, 0, 0.5, 0.5], "texture": "#4"},
				"south": {"uv": [0, 0, 0.5, 0.5], "texture": "#4"},
				"west": {"uv": [0, 0, 0.5, 0.5], "texture": "#4"},
				"up": {"uv": [0, 0, 0.5, 0.5], "texture": "#4"},
				"down": {"uv": [0, 0, 0.5, 0.5], "texture": "#4"}
			}
		},
		{
			"from": [8.8, 1.15, 15.15],
			"to": [9, 1.35, 15.35],
			"faces": {
				"north": {"uv": [0, 0, 0.5, 0.5], "texture": "#1"},
				"east": {"uv": [0, 0, 0.5, 0.5], "texture": "#1"},
				"south": {"uv": [0, 0, 0.5, 0.5], "texture": "#1"},
				"west": {"uv": [0, 0, 0.5, 0.5], "texture": "#1"},
				"up": {"uv": [0, 0, 0.5, 0.5], "texture": "#1"},
				"down": {"uv": [0, 0, 0.5, 0.5], "texture": "#1"}
			}
		},
		{
			"from": [13, 1, 15],
			"to": [15, 1.5, 15.5],
			"faces": {
				"north": {"uv": [0, 0, 2, 0.5], "texture": "#0"},
				"east": {"uv": [0, 0, 2, 0.5], "texture": "#0"},
				"south": {"uv": [0, 0, 2, 0.5], "texture": "#0"},
				"west": {"uv": [0, 0, 2, 0.5], "texture": "#0"},
				"up": {"uv": [0, 0, 2, 0.5], "texture": "#0"},
				"down": {"uv": [0, 0, 2, 0.5], "texture": "#0"}
			}
		},
		{
			"from": [12.45, 1, 15],
			"to": [12.95, 1.5, 15.5],
			"faces": {
				"north": {"uv": [0, 0, 0.5, 0.5], "texture": "#3"},
				"east": {"uv": [0, 0, 0.5, 0.5], "texture": "#3"},
				"south": {"uv": [0, 0, 0.5, 0.5], "texture": "#3"},
				"west": {"uv": [0, 0, 0.5, 0.5], "texture": "#3"},
				"up": {"uv": [0, 0, 0.5, 0.5], "texture": "#3"},
				"down": {"uv": [0, 0, 0.5, 0.5], "texture": "#3"}
			}
		},
		{
			"from": [12.8, 1.15, 15.15],
			"to": [13, 1.35, 15.35],
			"faces": {
				"north": {"uv": [0, 0, 0.5, 0.5], "texture": "#1"},
				"east": {"uv": [0, 0, 0.5, 0.5], "texture": "#1"},
				"south": {"uv": [0, 0, 0.5, 0.5], "texture": "#1"},
				"west": {"uv": [0, 0, 0.5, 0.5], "texture": "#1"},
				"up": {"uv": [0, 0, 0.5, 0.5], "texture": "#1"},
				"down": {"uv": [0, 0, 0.5, 0.5], "texture": "#1"}
			}
		},
		{
			"from": [1, 1, 15],
			"to": [3, 1.5, 15.5],
			"faces": {
				"north": {"uv": [0, 0, 2, 0.5], "texture": "#0"},
				"east": {"uv": [0, 0, 2, 0.5], "texture": "#0"},
				"south": {"uv": [0, 0, 2, 0.5], "texture": "#0"},
				"west": {"uv": [0, 0, 2, 0.5], "texture": "#0"},
				"up": {"uv": [0, 0, 2, 0.5], "texture": "#0"},
				"down": {"uv": [0, 0, 2, 0.5], "texture": "#0"}
			}
		},
		{
			"from": [0.45, 1, 15],
			"to": [0.95, 1.5, 15.5],
			"faces": {
				"north": {"uv": [0, 0, 0.5, 0.5], "texture": "#5"},
				"east": {"uv": [0, 0, 0.5, 0.5], "texture": "#5"},
				"south": {"uv": [0, 0, 0.5, 0.5], "texture": "#5"},
				"west": {"uv": [0, 0, 0.5, 0.5], "texture": "#5"},
				"up": {"uv": [0, 0, 0.5, 0.5], "texture": "#5"},
				"down": {"uv": [0, 0, 0.5, 0.5], "texture": "#5"}
			}
		},
		{
			"from": [0.8, 1.15, 15.15],
			"to": [1, 1.35, 15.35],
			"faces": {
				"north": {"uv": [0, 0, 0.5, 0.5], "texture": "#1"},
				"east": {"uv": [0, 0, 0.5, 0.5], "texture": "#1"},
				"south": {"uv": [0, 0, 0.5, 0.5], "texture": "#1"},
				"west": {"uv": [0, 0, 0.5, 0.5], "texture": "#1"},
				"up": {"uv": [0, 0, 0.5, 0.5], "texture": "#1"},
				"down": {"uv": [0, 0, 0.5, 0.5], "texture": "#1"}
			}
		},
		{
			"from": [-9, 1, 15.25],
			"to": [-6, 2.5, 15.5],
			"faces": {
				"north": {"uv": [6, 5, 9, 6.75], "texture": "#8"},
				"east": {"uv": [6, 5, 9, 6.75], "texture": "#8"},
				"south": {"uv": [6, 5, 9, 6.75], "texture": "#8"},
				"west": {"uv": [6, 5, 9, 6.75], "texture": "#8"},
				"up": {"uv": [6, 5, 9, 6.75], "texture": "#8"},
				"down": {"uv": [6, 5, 9, 6.75], "texture": "#8"}
			}
		},
		{
			"from": [-8.875, 1.125, 14.75],
			"to": [-6.125, 2.375, 15.25],
			"faces": {
				"north": {"uv": [6, 5, 9, 6.75], "texture": "#9"},
				"east": {"uv": [6, 5, 9, 6.75], "texture": "#9"},
				"south": {"uv": [6, 5, 9, 6.75], "texture": "#9"},
				"west": {"uv": [6, 5, 9, 6.75], "texture": "#9"},
				"up": {"uv": [6, 5, 9, 6.75], "texture": "#9"},
				"down": {"uv": [6, 5, 9, 6.75], "texture": "#9"}
			}
		},
		{
			"from": [23, 1, 15.25],
			"to": [26, 2.5, 15.5],
			"faces": {
				"north": {"uv": [6, 5, 9, 6.75], "texture": "#8"},
				"east": {"uv": [6, 5, 9, 6.75], "texture": "#8"},
				"south": {"uv": [6, 5, 9, 6.75], "texture": "#8"},
				"west": {"uv": [6, 5, 9, 6.75], "texture": "#8"},
				"up": {"uv": [6, 5, 9, 6.75], "texture": "#8"},
				"down": {"uv": [6, 5, 9, 6.75], "texture": "#8"}
			}
		},
		{
			"from": [23.125, 1.125, 14.75],
			"to": [25.875, 2.375, 15.25],
			"faces": {
				"north": {"uv": [6, 5, 9, 6.75], "texture": "#6"},
				"east": {"uv": [6, 5, 9, 6.75], "texture": "#6"},
				"south": {"uv": [6, 5, 9, 6.75], "texture": "#6"},
				"west": {"uv": [6, 5, 9, 6.75], "texture": "#6"},
				"up": {"uv": [6, 5, 9, 6.75], "texture": "#6"},
				"down": {"uv": [6, 5, 9, 6.75], "texture": "#6"}
			}
		}
	],
	"display": {
		"thirdperson_righthand": {
			"scale": [0.275, 0.275, 0.275],
			"rotation": [0, -180, 0],
			"translation": [-6, 1, 4]
		},
		"thirdperson_lefthand": {
			"scale": [0.275, 0.275, 0.275],
			"rotation": [0, -180, 0],
			"translation": [-6, 1, 4]
		},
		"firstperson_righthand": {
			"scale": [0.125, 0.175, 0.1],
			"rotation": [0, 129, 13]
		},
		"firstperson_lefthand": {
			"scale": [0.125, 0.175, 0.1],
			"rotation": [0, 129, 13]
		},
		"head": {
			"translation": [0, 6, -1]
		},
		"ground": {
			"scale": [0.35, 0.35, 0.425]
		},
		"fixed": {
			"translation": [0, -8, -9]
		},
		"gui": {
			"scale": [0.25, 0.25, 0.25],
			"rotation": [31, 136, 0],
			"translation": [-1.4, -2.5, 5.5]
		}
	},
	"groups": [0, 1, 2, 3, 4, 5,
		{
			"name": "marker 1",
			"isOpen": true,
			"export": true,
			"visibility": true,
			"children": [6, 7, 8]
		},
		{
			"name": "marker 2",
			"isOpen": false,
			"export": true,
			"visibility": true,
			"children": [9, 10, 11]
		},
		{
			"name": "marker 3",
			"isOpen": true,
			"export": true,
			"visibility": true,
			"children": [12, 13, 14]
		},
		{
			"name": "dry eraser",
			"isOpen": true,
			"export": true,
			"visibility": true,
			"children": [15, 16]
		},
		{
			"name": "dry eraser",
			"isOpen": true,
			"export": true,
			"visibility": true,
			"children": [17, 18]
		}
	]
}